Product,ref,name,original Serial number
Theradome EVO LH40,THD-LH40-1003,B3998HBB29099,B3994ABA02836
Theradome EVO LH40,THD-LH40-1003,B3998HBB29100,B3994ABA04585
Theradome EVO LH40,THD-LH40-1003,B3998HBB29101,B3994ABA02387
Theradome EVO LH40,THD-LH40-1003,B3998HBB29102,B3994ABA04684
Theradome EVO LH40,THD-LH40-1003,B3998HBB29103,B3994ABA02913
Theradome EVO LH40,THD-LH40-1003,B3998HBB29104,B3994ABA03913
Theradome EVO LH40,THD-LH40-1003,B3998HBB29105,B3994ABA04691
Theradome EVO LH40,THD-LH40-1003,B3998HBB29106,B3994ABA04011
Theradome EVO LH40,THD-LH40-1003,B3998HBB29107,B3994ABA02360
Theradome EVO LH40,THD-LH40-1003,B3998HBB29108,B3994ABA02839
Theradome EVO LH40,THD-LH40-1003,B3998HBB29109,B3994ABA02824
Theradome EVO LH40,THD-LH40-1003,B3998HBB29110,B3994ABA03966
Theradome EVO LH40,THD-LH40-1003,B3998HBB29111,B3994ABA04737
Theradome EVO LH40,THD-LH40-1003,B3998HBB29112,B3994ABA02909
Theradome EVO LH40,THD-LH40-1003,B3998HBB29113,B3994ABA03919
Theradome EVO LH40,THD-LH40-1003,B3998HBB29114,B3994ABA04485
Theradome EVO LH40,THD-LH40-1003,B3998HBB29115,B3994ABA04009
Theradome EVO LH40,THD-LH40-1003,B3998HBB29116,B3994ABA02887
Theradome EVO LH40,THD-LH40-1003,B3998HBB29117,B3994ABA04732
Theradome EVO LH40,THD-LH40-1003,B3998HBB29118,B3994ABA04621
Theradome EVO LH40,THD-LH40-1003,B3998HBB29119,B3994ABA04739
Theradome EVO LH40,THD-LH40-1003,B3998HBB29120,B3994ABA04542
Theradome EVO LH40,THD-LH40-1003,B3998HBB29121,B3994ABA03982
Theradome EVO LH40,THD-LH40-1003,B3998HBB29122,B3994ABA04610
Theradome EVO LH40,THD-LH40-1003,B3998HBB29123,B3994ABA03987
Theradome EVO LH40,THD-LH40-1003,B3998HBB29124,B3994ABA02199
Theradome EVO LH40,THD-LH40-1003,B3998HBB29125,B3994ABA03986
Theradome EVO LH40,THD-LH40-1003,B3998HBB29126,B3998HBB27585
Theradome EVO LH40,THD-LH40-1003,B3998HBB29127,B3998HBB27501
Theradome EVO LH40,THD-LH40-1003,B3998HBB29128,B3994ABA03963
Theradome EVO LH40,THD-LH40-1003,B3998HBB29129,B3994ABA03932
Theradome EVO LH40,THD-LH40-1003,B3998HBB29130,B3994ABA03946
Theradome EVO LH40,THD-LH40-1003,B3998HBB29131,B3994ABA04000
Theradome EVO LH40,THD-LH40-1003,B3998HBB29132,B3994ABA04007
Theradome EVO LH40,THD-LH40-1003,B3998HBB29133,B3994ABA02821
Theradome EVO LH40,THD-LH40-1003,B3998HBB29134,B3994ABA03060
Theradome EVO LH40,THD-LH40-1003,B3998HBB29135,B3994ABA03243
Theradome EVO LH40,THD-LH40-1003,B3998HBB29136,B3994ABA02079
Theradome EVO LH40,THD-LH40-1003,B3998HBB29137,B3994ABA04723
Theradome EVO LH40,THD-LH40-1003,B3998HBB29138,B3994ABA02379
Theradome EVO LH40,THD-LH40-1003,B3998HBB29139,B3994ABA03999
Theradome EVO LH40,THD-LH40-1003,B3998HBB29140,B3998HBB27526
Theradome EVO LH40,THD-LH40-1003,B3998HBB29141,B3994ABA02849
Theradome EVO LH40,THD-LH40-1003,B3998HBB29142,B3994ABA02469
Theradome EVO LH40,THD-LH40-1003,B3998HBB29143,B3994ABA03935
Theradome EVO LH40,THD-LH40-1003,B3998HBB29144,B3994ABA02847
Theradome EVO LH40,THD-LH40-1003,B3998HBB29145,B3994ABA04538
Theradome EVO LH40,THD-LH40-1003,B3998HBB29146,B3994ABA01969
Theradome EVO LH40,THD-LH40-1003,B3998HBB29147,B3994ABA04517
Theradome EVO LH40,THD-LH40-1003,B3998HBB29148,B3998HBB25280
Theradome EVO LH40,THD-LH40-1003,B3998HBB29149,B3994ABA01216
Theradome EVO LH40,THD-LH40-1003,B3998HBB29150,B3994ABA02688
Theradome EVO LH40,THD-LH40-1003,B3998HBB29151,B3994ABA02304
Theradome EVO LH40,THD-LH40-1003,B3998HBB29152,B3998HBB25273
Theradome EVO LH40,THD-LH40-1003,B3998HBB29153,B3994ABA04742
Theradome EVO LH40,THD-LH40-1003,B3998HBB29154,B3994ABA02862
Theradome EVO LH40,THD-LH40-1003,B3998HBB29155,B3994ABA02354
Theradome EVO LH40,THD-LH40-1003,B3998HBB29156,B3994ABA04592
Theradome EVO LH40,THD-LH40-1003,B3998HBB29157,B3994ABA01908
Theradome EVO LH40,THD-LH40-1003,B3998HBB29158,B3994ABA04680
Theradome EVO LH40,THD-LH40-1003,B3998HBB29160,B3994ABA03254
Theradome EVO LH40,THD-LH40-1003,B3998HBB29162,B3994ABA04646
Theradome EVO LH40,THD-LH40-1003,B3998HBB29163,B3994ABA02841
Theradome EVO LH40,THD-LH40-1003,B3998HBB29164,B3994ABA03930
Theradome EVO LH40,THD-LH40-1003,B3998HBB29165,B3994ABA04512
Theradome EVO LH40,THD-LH40-1003,B3998HBB29167,B3994ABA03156
Theradome EVO LH40,THD-LH40-1003,B3998HBB29168,B3994ABA01840
Theradome EVO LH40,THD-LH40-1003,B3998HBB29170,B3994ABA02874
Theradome EVO LH40,THD-LH40-1003,B3998HBB29171,B3994ABA02043
Theradome EVO LH40,THD-LH40-1003,B3998HBB29172,B3994ABA04514
Theradome EVO LH40,THD-LH40-1003,B3998HBB29173,B3994ABA01983
Theradome EVO LH40,THD-LH40-1003,B3998HBB29175,B3998HBB27534
Theradome EVO LH40,THD-LH40-1003,B3998HBB29210,B3994ABA03956
Theradome EVO LH40,THD-LH40-1003,B3998HBB29211,B3994ABA04675
Theradome EVO LH40,THD-LH40-1003,B3998HBB29212,B3994ABA02857
Theradome EVO LH40,THD-LH40-1003,B3998HBB29213,B3994ABA04711
Theradome EVO LH40,THD-LH40-1003,B3998HBB29214,B3994ABA04619
Theradome EVO LH40,THD-LH40-1003,B3998HBB29215,B3994ABA04482
Theradome EVO LH40,THD-LH40-1003,B3998HBB29216,B3994ABA04473
Theradome EVO LH40,THD-LH40-1003,B3998HBB29218,B3994ABA04488
Theradome EVO LH40,THD-LH40-1003,B3998HBB29219,B3994ABA04505
Theradome EVO LH40,THD-LH40-1003,B3998HBB29220,B3994ABA04474
Theradome EVO LH40,THD-LH40-1003,B3998HBB29221,B3994ABA04550
Theradome EVO LH40,THD-LH40-1003,B3998HBB29222,B3994ABA04487
Theradome EVO LH40,THD-LH40-1003,B3998HBB29223,B3994ABA02084
Theradome EVO LH40,THD-LH40-1003,B3998HBB29224,B3994ABA04670
Theradome EVO LH40,THD-LH40-1003,B3998HBB29225,B3994ABA04016
Theradome EVO LH40,THD-LH40-1003,B3998HBB29227,B3994ABA04594
Theradome EVO LH40,THD-LH40-1003,B3998HBB29228,B3994ABA02210
Theradome EVO LH40,THD-LH40-1003,B3998HBB29229,B3994ABA04480
Theradome EVO LH40,THD-LH40-1003,B3998HBB29230,B3994ABA04543
Theradome EVO LH40,THD-LH40-1003,B3998HBB29231,B3994ABA04584
Theradome EVO LH40,THD-LH40-1003,B3998HBB29233,B3994ABA02843
Theradome EVO LH40,THD-LH40-1003,B3998HBB29234,B3994ABA04570
Theradome EVO LH40,THD-LH40-1003,B3998HBB29235,B3994ABA03967
Theradome EVO LH40,THD-LH40-1003,B3998HBB29236,B3994ABA03973
Theradome EVO LH40,THD-LH40-1003,B3998HBB29237,B3994ABA03995
Theradome EVO LH40,THD-LH40-1003,B3998HBB29239,B3994ABA02844
Theradome EVO LH40,THD-LH40-1003,B3998HBB29240,B3994ABA03168
Theradome EVO LH40,THD-LH40-1003,B3998HBB29241,B3998HBB25257
